#Procedure: <SS9Procedure.SS9Procedure>,,,,,,,,,,
#Parameters:,,,,,,,,,,
"#	Maximum Temp.: 300 K",,,,,,,,,,
"#	Delay Time: 1 s",,,,,,,,,,
"#	Field Strength: 0 T",,,,,,,,,,
"#	MM1 Address: USB0::0x05E6::0x2110::1421999::INSTR",,,,,,,,,,
"#	Voltage: True",,,,,,,,,,
"#	Range: 10 SI",,,,,,,,,,
"#	MM2 Address: USB0::0x05E6::0x2110::8015516::INSTR",,,,,,,,,,
"#	Voltage: True",,,,,,,,,,
"#	Range: 10 SI",,,,,,,,,,
"#	MM3 Address: USB0::0x05E6::0x2110::1421483::INSTR",,,,,,,,,,
"#	Voltage: False",,,,,,,,,,
"#	Range: 0.1 SI",,,,,,,,,,
"#	MM4 Adress: USB0::0x05E6::0x2110::1422148::INSTR",,,,,,,,,,
"#	Voltage: True",,,,,,,,,,
"#	Range: 0.1 SI",,,,,,,,,,
"#	Number of Averages: 1",,,,,,,,,,
"#	Your Name: connor",,,,,,,,,,
#Data:,,,,,,,,,,
elapsed_time,T,T_err,MM1_reading,MM1_error,MM2_reading,MM2_error,MM3_reading,MM3_error,MM4_reading,MM4_error
1.000751495,160.0271454,0,0.218161687,0,0.207837238,0,0.020730274,0,6.24E-05,0
2.689007282,160.1077271,0,0.218093425,0,0.207829043,0,0.020730723,0,6.59E-05,0
4.373075962,160.0063477,0,0.218082085,0,0.207804992,0,0.02073063,0,6.47E-05,0
6.059223175,160.0765533,0,0.218083515,0,0.207785397,0,0.020731853,0,-0.000104418,0
7.750300884,159.954361,0,0.218030333,0,0.207750454,0,0.020731678,0,-5.10E-05,0
9.471911907,159.9491577,0,0.218002676,0,0.207740634,0,0.020732701,0,-4.59E-05,0
11.20265698,159.92836,0,0.217970117,0,0.20772098,0,0.020732142,0,6.95E-05,0
12.88930702,159.9127655,0,0.21793583,0,0.207671165,0,0.02073144,0,6.64E-05,0
14.57845044,159.8919525,0,0.217906683,0,0.207663923,0,0.020731529,0,6.54E-05,0
16.26658058,159.8659515,0,0.21791549,0,0.207657188,0,0.020733532,0,6.52E-05,0
17.95303583,159.855545,0,0.21788308,0,0.207607433,0,0.020733913,0,6.86E-05,0
19.63967514,159.9309845,0,0.21784605,0,0.207578346,0,0.020734308,0,6.00E-05,0
21.32547116,159.8087311,0,0.217792093,0,0.207555219,0,0.02073434,0,-9.96E-05,0
23.01359344,159.7774963,0,0.217800468,0,0.207546338,0,0.020733928,0,-5.10E-05,0
24.73437834,159.7566833,0,0.217752352,0,0.207490831,0,0.020734036,0,-3.97E-05,0
26.46527743,159.7254639,0,0.217769622,0,0.207516342,0,0.020735638,0,6.75E-05,0
28.15114164,159.694397,0,0.217684999,0,0.207459762,0,0.020734554,0,6.24E-05,0
29.83761477,159.6527405,0,0.217663973,0,0.207447007,0,0.020734943,0,6.38E-05,0
31.52466393,159.626709,0,0.21759428,0,0.207383587,0,0.020732112,0,6.47E-05,0
33.21110988,159.5902557,0,0.217582628,0,0.207328394,0,0.020732729,0,6.09E-05,0
34.89764762,159.5590057,0,0.217551931,0,0.207322344,0,0.020733738,0,6.64E-05,0
36.58653975,159.5381622,0,0.217532634,0,0.20728448,0,0.020732095,0,-0.000100687,0
38.27623606,159.5121155,0,0.217485144,0,0.207246497,0,0.020733321,0,-5.54E-05,0
39.99619937,159.4860687,0,0.217490702,0,0.2072369,0,0.020733889,0,-5.04E-05,0
41.71259332,159.4652252,0,0.217433661,0,0.207205966,0,0.020734435,0,-6.90E-05,0
43.45417047,159.4443817,0,0.217427819,0,0.20717591,0,0.020733625,0,6.61E-05,0
45.14075899,159.4183197,0,0.217404931,0,0.207150697,0,0.02073306,0,6.54E-05,0
46.82679439,159.3922577,0,0.217338755,0,0.20710735,0,0.020733176,0,6.63E-05,0
48.51372743,159.3609772,0,0.217339038,0,0.207112595,0,0.02073497,0,6.82E-05,0
50.20016932,159.3296967,0,0.217293545,0,0.207087323,0,0.020735215,0,6.74E-05,0
51.88625813,159.3036346,0,0.217253416,0,0.207054659,0,0.020734807,0,6.06E-05,0
53.58295941,159.2620697,0,0.21723783,0,0.207012906,0,0.020733252,0,-0.000122556,0
55.2806704,159.3272858,0,0.217211619,0,0.206985473,0,0.020734452,0,-4.70E-05,0
57.00364113,159.1994781,0,0.217188879,0,0.206977307,0,0.0207352,0,6.50E-05,0
58.69029164,159.1577301,0,0.217168912,0,0.206967338,0,0.02073646,0,6.49E-05,0
60.37714887,159.1316376,0,0.217156872,0,0.2069301,0,0.020735489,0,6.66E-05,0
62.06358457,159.095108,0,0.217116653,0,0.206911727,0,0.020736495,0,6.74E-05,0
63.75038004,159.0690155,0,0.217052817,0,0.20686613,0,0.020735532,0,6.34E-05,0
65.46177912,159.0324707,0,0.217038735,0,0.206842184,0,0.020737097,0,6.06E-05,0
67.14827538,159.0115814,0,0.216984272,0,0.206781417,0,0.020734292,0,6.32E-05,0
68.84035993,158.9959106,0,0.216995626,0,0.206761658,0,0.020737067,0,-9.68E-05,0
70.53062701,158.9698029,0,0.216954469,0,0.206771641,0,0.020735666,0,-6.66E-05,0
72.25197506,158.9489136,0,0.216928049,0,0.206706225,0,0.020737421,0,-5.55E-05,0
73.97502947,158.9280243,0,0.21689561,0,0.206701874,0,0.020737259,0,6.29E-05,0
75.66203856,158.9123535,0,0.216866761,0,0.206685557,0,0.020738913,0,6.71E-05,0
77.3483007,158.9985504,0,0.216870829,0,0.206658661,0,0.020739142,0,7.13E-05,0
79.0350945,158.8862305,0,0.216781556,0,0.206593483,0,0.020738019,0,7.22E-05,0
80.72078943,158.8548889,0,0.216798275,0,0.206579074,0,0.020739065,0,6.37E-05,0
82.40662122,158.8339844,0,0.216749727,0,0.206553101,0,0.020738536,0,6.46E-05,0
84.09859562,158.8183136,0,0.216723412,0,0.206526696,0,0.020739321,0,-0.000119034,0
85.79850125,158.7975616,0,0.216685384,0,0.206484705,0,0.020737091,0,-6.62E-05,0
87.52036619,158.7766571,0,0.21663843,0,0.206443428,0,0.020737665,0,-6.04E-05,0
89.23668981,158.7557526,0,0.216630786,0,0.206473678,0,0.020740854,0,6.35E-05,0
90.92323804,158.734848,0,0.216621965,0,0.206422939,0,0.020737616,0,6.81E-05,0
92.60986161,158.7296143,0,0.216547742,0,0.206392318,0,0.020737318,0,6.29E-05,0
94.29663849,158.7139282,0,0.216530993,0,0.206351429,0,0.020738285,0,7.16E-05,0
95.98319268,158.6877899,0,0.216545283,0,0.206343933,0,0.020741623,0,6.35E-05,0
97.66891909,158.6773376,0,0.216491267,0,0.206319466,0,0.020739812,0,5.86E-05,0
99.35913777,158.6616364,0,0.21643801,0,0.206285044,0,0.020738786,0,-0.000101339,0
101.0541203,158.6459503,0,0.216394603,0,0.206232041,0,0.020738212,0,-6.74E-05,0
102.7788327,158.6302643,0,0.216367393,0,0.206197574,0,0.020737534,0,-3.42E-05,0
104.5068817,158.6250305,0,0.216361269,0,0.206174954,0,0.02073843,0,6.53E-05,0
106.1926048,158.6041107,0,0.216323405,0,0.2061567,0,0.020739647,0,6.96E-05,0
107.8793533,158.5779572,0,0.216291457,0,0.206125006,0,0.020738833,0,6.08E-05,0
109.5650508,158.5674896,0,0.216269552,0,0.206098422,0,0.020739747,0,5.91E-05,0
111.252732,158.5518036,0,0.216209724,0,0.20607315,0,0.020737989,0,7.14E-05,0
112.9387665,158.5413361,0,0.216215223,0,0.206076636,0,0.02073884,0,6.06E-05,0
114.6250632,158.520401,0,0.216160789,0,0.206029221,0,0.020737968,0,-9.78E-05,0
116.3175225,158.5256348,0,0.216150969,0,0.206004336,0,0.020738013,0,-5.08E-05,0
118.0348625,158.881012,0,0.216124042,0,0.205991491,0,0.020740112,0,-5.56E-05,0
119.7636681,158.8548889,0,0.216071456,0,0.205933019,0,0.020738242,0,-5.42E-05,0
121.5053542,158.7818909,0,0.216023966,0,0.205866977,0,0.020737369,0,6.34E-05,0
123.2014053,158.8027954,0,0.216055035,0,0.205888181,0,0.020739922,0,6.50E-05,0
124.8859119,158.8862305,0,0.216017901,0,0.205829814,0,0.020738691,0,6.54E-05,0
126.5717502,158.907135,0,0.215989813,0,0.205823794,0,0.020740276,0,6.78E-05,0
128.2580626,158.9698029,0,0.215957835,0,0.20581144,0,0.020741314,0,6.63E-05,0
129.9434278,159.0272522,0,0.215946659,0,0.205823436,0,0.020741154,0,-9.73E-05,0
131.6302598,159.0898895,0,0.21590048,0,0.205771133,0,0.020740399,0,-5.58E-05,0
133.3544505,159.1420746,0,0.215877249,0,0.205744937,0,0.02074063,0,-5.18E-05,0
135.0684538,159.1786041,0,0.215852826,0,0.205718904,0,0.020741332,0,6.58E-05,0
136.7543294,159.2255554,0,0.215859249,0,0.205698728,0,0.020740099,0,6.10E-05,0
138.443001,159.2931976,0,0.215785756,0,0.205645516,0,0.020740813,0,6.44E-05,0
140.1307642,159.3296967,0,0.215768143,0,0.205648124,0,0.020740051,0,6.41E-05,0
141.8171065,159.3453369,0,0.21575281,0,0.205623105,0,0.020741625,0,6.41E-05,0
143.5160501,159.3557739,0,0.215759187,0,0.205616623,0,0.020742591,0,6.63E-05,0
145.2019157,159.3818359,0,0.215747281,0,0.205586254,0,0.020742761,0,6.66E-05,0
146.9138961,159.3870544,0,0.215706035,0,0.205565348,0,0.020742204,0,-0.000104786,0
148.6104617,159.4078979,0,0.21567218,0,0.205522254,0,0.020741859,0,-6.69E-05,0
150.336122,159.3974762,0,0.215640842,0,0.205513313,0,0.020743985,0,-5.18E-05,0
152.0658343,159.3818359,0,0.215621799,0,0.205500736,0,0.020742277,0,-5.63E-05,0
153.8063459,159.3818359,0,0.215603068,0,0.205467224,0,0.020742256,0,6.34E-05,0
155.4948275,159.3766174,0,0.215605512,0,0.205481186,0,0.020746225,0,6.89E-05,0
157.1810195,159.3766174,0,0.215581879,0,0.205418139,0,0.020743625,0,6.42E-05,0
158.8673925,159.3557739,0,0.215539589,0,0.205414041,0,0.020742647,0,6.15E-05,0
160.5543478,159.3557739,0,0.215511918,0,0.205359354,0,0.020742994,0,5.91E-05,0
162.2403882,159.3349152,0,0.215475678,0,0.205354675,0,0.020742295,0,5.81E-05,0
163.9426718,159.3296967,0,0.215477555,0,0.205348163,0,0.020744169,0,-0.000101054,0
165.6312852,159.3296967,0,0.215434208,0,0.205312669,0,0.020742955,0,-5.36E-05,0
167.3529375,159.3140564,0,0.215402811,0,0.205315753,0,0.020744482,0,-4.24E-05,0
169.081965,159.3140564,0,0.215338796,0,0.205219775,0,0.020740246,0,6.92E-05,0
170.767452,159.3036346,0,0.215331122,0,0.205214768,0,0.020740261,0,5.94E-05,0
172.4538343,159.2984161,0,0.21530874,0,0.205213055,0,0.020741208,0,6.95E-05,0
174.1409888,159.2879791,0,0.21527408,0,0.205175235,0,0.020742767,0,6.88E-05,0
175.8288093,159.2931976,0,0.215263664,0,0.205151557,0,0.020741601,0,5.98E-05,0
177.5140367,159.2879791,0,0.215213835,0,0.205127343,0,0.020740394,0,6.49E-05,0
179.2007022,159.2879791,0,0.215190872,0,0.205101504,0,0.020740792,0,-8.32E-05,0
180.8919578,159.2775574,0,0.215199336,0,0.205104917,0,0.020741394,0,-6.17E-05,0
182.6209724,159.2723389,0,0.215178906,0,0.205083712,0,0.020741971,0,-4.24E-05,0
184.3435798,159.2775574,0,0.215125456,0,0.205027982,0,0.020739902,0,6.47E-05,0
186.0299404,159.2568512,0,0.215127423,0,0.205021828,0,0.02074169,0,6.67E-05,0
187.716177,159.2464294,0,0.215114742,0,0.205010339,0,0.020741062,0,6.51E-05,0
189.4085307,159.2464294,0,0.215056583,0,0.204976066,0,0.020739667,0,6.85E-05,0
191.0977468,159.2307739,0,0.21503669,0,0.204969361,0,0.020742677,0,5.98E-05,0
192.8092253,159.2203369,0,0.21501711,0,0.204926446,0,0.02074153,0,5.59E-05,0
194.4972153,159.2203369,0,0.21503745,0,0.204908683,0,0.02074297,0,6.10E-05,0
196.1826761,159.2931976,0,0.214988067,0,0.204908892,0,0.020742616,0,-0.000116834,0
197.8786018,159.2672882,0,0.214950785,0,0.20486702,0,0.020742156,0,-5.05E-05,0
199.6004965,159.2984161,0,0.215012088,0,0.204887941,0,0.020746486,0,-4.96E-05,0
201.3174098,159.3557739,0,0.214925348,0,0.204859733,0,0.020744242,0,-6.79E-05,0
203.0750039,159.4131165,0,0.214934587,0,0.204837322,0,0.020745073,0,6.49E-05,0
204.7628584,159.4548035,0,0.214894473,0,0.204834476,0,0.020745736,0,5.67E-05,0
206.4493356,159.4808502,0,0.214903831,0,0.204829156,0,0.020746624,0,6.51E-05,0
208.1361952,159.5016937,0,0.214846432,0,0.204792395,0,0.020745307,0,6.66E-05,0
209.8241684,159.491272,0,0.214834898,0,0.204760566,0,0.020745486,0,6.93E-05,0
211.5110371,159.4964905,0,0.214819684,0,0.204748779,0,0.0207472,0,6.17E-05,0
213.1979568,159.4860687,0,0.214786276,0,0.204721376,0,0.020744603,0,-9.90E-05,0
214.8939116,159.491272,0,0.214779719,0,0.204699292,0,0.020744642,0,-6.89E-05,0
216.6181395,159.4652252,0,0.214745938,0,0.204646721,0,0.020743983,0,-3.77E-05,0
218.3521614,159.4652252,0,0.214717894,0,0.204660743,0,0.020743197,0,-5.58E-05,0
220.0942535,159.4443817,0,0.214684158,0,0.204627186,0,0.02074434,0,6.32E-05,0
221.7798653,159.43396,0,0.214680999,0,0.204621121,0,0.020744409,0,5.92E-05,0
223.4665153,159.4235382,0,0.21468015,0,0.204620078,0,0.02074551,0,6.42E-05,0
225.1530201,159.4235382,0,0.214667737,0,0.204564481,0,0.020745061,0,6.34E-05,0
226.8380778,159.4131165,0,0.21463555,0,0.204556718,0,0.020745585,0,5.85E-05,0
228.5243294,159.4078979,0,0.214626342,0,0.204537764,0,0.020746142,0,5.80E-05,0
230.2211893,159.4026794,0,0.214594811,0,0.204509362,0,0.020744363,0,-0.000115361,0
231.9182577,159.3870544,0,0.214587584,0,0.204515069,0,0.020747881,0,-5.45E-05,0
233.6414921,159.3818359,0,0.214540183,0,0.20448859,0,0.020745428,0,-5.09E-05,0
235.3705947,159.3766174,0,0.214477777,0,0.204443991,0,0.020742422,0,6.81E-05,0
237.0571463,159.3609772,0,0.214498758,0,0.204425245,0,0.020742888,0,6.32E-05,0
238.7441583,159.3401337,0,0.214460998,0,0.204426631,0,0.020744603,0,6.58E-05,0
240.4294114,159.3766174,0,0.214460313,0,0.204413563,0,0.020744106,0,6.53E-05,0
242.1170263,159.4183197,0,0.214441582,0,0.204378694,0,0.020745141,0,6.27E-05,0
243.8037698,159.4183197,0,0.214429631,0,0.204363286,0,0.020743996,0,6.25E-05,0
245.4943905,159.4287415,0,0.214406669,0,0.204358458,0,0.020745577,0,6.02E-05,0
247.2072997,159.43396,0,0.214385345,0,0.204360038,0,0.020747209,0,-0.000102915,0
248.9027913,159.4183197,0,0.214377254,0,0.204315349,0,0.020746903,0,-5.69E-05,0
250.6247125,159.3974762,0,0.214359477,0,0.204292848,0,0.020745961,0,-4.91E-05,0
252.3637531,159.4183197,0,0.214359268,0,0.204286932,0,0.020746335,0,-5.04E-05,0
254.1076574,159.4443817,0,0.214300379,0,0.204270422,0,0.020745469,0,6.61E-05,0
255.7940521,159.475647,0,0.214312061,0,0.20425491,0,0.020746598,0,5.89E-05,0
257.4824929,159.4964905,0,0.214272111,0,0.204230666,0,0.020745169,0,6.35E-05,0
259.1685426,159.517334,0,0.214290767,0,0.204225331,0,0.020747369,0,6.68E-05,0
260.8555102,159.5381622,0,0.214232832,0,0.204183727,0,0.020744998,0,7.02E-05,0
262.5468192,159.5277405,0,0.214253261,0,0.204221919,0,0.020747239,0,6.10E-05,0
264.2334664,159.5381622,0,0.214238062,0,0.204175919,0,0.020748327,0,-0.00011233,0
265.927788,159.532959,0,0.214216917,0,0.204171568,0,0.020746958,0,-6.61E-05,0
267.644407,159.5277405,0,0.214166268,0,0.204115793,0,0.020746071,0,-6.14E-05,0
269.3595722,159.5381622,0,0.21415311,0,0.20411545,0,0.02074749,0,6.03E-05,0
271.0466306,159.6241302,0,0.214138686,0,0.204093769,0,0.020747447,0,5.93E-05,0
272.7349877,159.5277405,0,0.214124605,0,0.204090967,0,0.02074863,0,6.97E-05,0
274.421473,159.5121155,0,0.214102789,0,0.204085335,0,0.020748848,0,6.82E-05,0
276.1081827,159.5069122,0,0.214102089,0,0.204070121,0,0.0207483,0,6.09E-05,0
277.7946653,159.5121155,0,0.214082464,0,0.20404829,0,0.020748902,0,-0.000105853,0
279.4823821,159.5069122,0,0.214085623,0,0.204026028,0,0.02074872,0,-5.93E-05,0
281.2086601,159.4964905,0,0.214047908,0,0.20403324,0,0.020749342,0,-4.60E-05,0
282.9339545,159.491272,0,0.214021652,0,0.203989267,0,0.020749396,0,6.93E-05,0
284.620991,159.4808502,0,0.214016765,0,0.203981146,0,0.020748438,0,6.77E-05,0
286.3068233,159.4652252,0,0.214022904,0,0.203961789,0,0.020749141,0,6.47E-05,0
287.9931602,159.4443817,0,0.213992863,0,0.203960269,0,0.020748109,0,5.94E-05,0
289.679821,159.4391632,0,0.213962525,0,0.203916087,0,0.020748196,0,7.31E-05,0
291.3662114,159.4026794,0,0.213943123,0,0.203928992,0,0.020748913,0,7.10E-05,0
293.0519919,159.3766174,0,0.213933184,0,0.203907087,0,0.020749485,0,-0.000113046,0
294.7433274,159.3609772,0,0.213948979,0,0.203896433,0,0.020750728,0,-6.15E-05,0
296.4699836,159.3349152,0,0.213901847,0,0.203866735,0,0.020748483,0,-6.60E-05,0
298.1856353,159.2931976,0,0.213882684,0,0.203869253,0,0.020749969,0,6.34E-05,0
299.8711364,159.2931976,0,0.213875383,0,0.203837692,0,0.020749342,0,6.55E-05,0
301.5597446,159.2984161,0,0.213815554,0,0.203788399,0,0.020746717,0,6.87E-05,0
303.2469559,159.3401337,0,0.213832601,0,0.203805521,0,0.020748785,0,6.41E-05,0
304.930181,159.3818359,0,0.213796123,0,0.203785553,0,0.020748567,0,6.04E-05,0
306.6122391,159.4078979,0,0.213822454,0,0.203784793,0,0.020749802,0,6.33E-05,0
308.3105106,159.4287415,0,0.213771089,0,0.203741431,0,0.020748142,0,-0.000117105,0
310.0131421,159.4287415,0,0.213738933,0,0.20370832,0,0.020746021,0,-6.15E-05,0
311.7320638,159.4235382,0,0.213748529,0,0.203718185,0,0.020747503,0,-6.08E-05,0
313.4486237,159.4183197,0,0.213725358,0,0.203701034,0,0.020748204,0,6.81E-05,0
315.1350737,159.4026794,0,0.213712841,0,0.203692272,0,0.020749899,0,6.74E-05,0
316.8226697,159.3766174,0,0.213705465,0,0.203654855,0,0.020750133,0,6.90E-05,0
318.5147824,159.3505554,0,0.213680073,0,0.203632697,0,0.020749772,0,6.33E-05,0
320.201237,159.3349152,0,0.213664516,0,0.203641414,0,0.020749953,0,6.34E-05,0
321.8905377,159.3088379,0,0.213664039,0,0.203631252,0,0.020749927,0,6.40E-05,0
323.5767021,159.3088379,0,0.213609337,0,0.203611522,0,0.020749498,0,-0.000113404,0
325.2681265,159.2879791,0,0.213619351,0,0.203596398,0,0.02074993,0,-7.30E-05,0
326.9949934,159.2775574,0,0.213577881,0,0.203583464,0,0.020749604,0,-6.06E-05,0
328.7107811,159.2723389,0,0.213586524,0,0.203557208,0,0.020749619,0,6.34E-05,0
330.3976152,159.2620697,0,0.213547304,0,0.203532531,0,0.020747697,0,6.25E-05,0
332.0842619,159.2568512,0,0.213563144,0,0.20355536,0,0.020749241,0,6.28E-05,0
333.7716291,159.2568512,0,0.213520839,0,0.203519269,0,0.020749118,0,6.60E-05,0
335.4575567,159.2723389,0,0.213515415,0,0.203497439,0,0.020749379,0,6.03E-05,0
337.1449351,159.2775574,0,0.213517189,0,0.203482761,0,0.020750657,0,6.43E-05,0
338.8368514,159.2827759,0,0.213474914,0,0.203487962,0,0.020750163,0,-0.000102396,0
340.5267744,159.2879791,0,0.213479936,0,0.20346716,0,0.020751398,0,-4.81E-05,0
342.2460721,159.2879791,0,0.213436365,0,0.203445106,0,0.020749005,0,6.28E-05,0
343.933476,159.2723389,0,0.213442817,0,0.203414186,0,0.020748787,0,6.09E-05,0
345.6232293,159.2723389,0,0.213408127,0,0.203409031,0,0.020749992,0,6.53E-05,0
347.3089929,159.2620697,0,0.213398203,0,0.203408583,0,0.020750793,0,6.53E-05,0
348.9962487,159.2568512,0,0.21338579,0,0.203382939,0,0.020748775,0,6.59E-05,0
350.6839037,159.2620697,0,0.213383048,0,0.20337972,0,0.020750273,0,6.73E-05,0
352.3688853,159.2775574,0,0.213348254,0,0.20337142,0,0.020749439,0,-0.000107824,0
354.0570219,159.3401337,0,0.213318198,0,0.203347384,0,0.020749236,0,-5.29E-05,0
355.7795954,159.4131165,0,0.213305681,0,0.20330578,0,0.020748526,0,-4.95E-05,0
357.493037,159.4548035,0,0.21332024,0,0.203327491,0,0.020749945,0,6.54E-05,0
359.1799917,159.5016937,0,0.213313907,0,0.203293591,0,0.020750493,0,6.97E-05,0
360.8692327,159.5069122,0,0.21331273,0,0.203305706,0,0.02075151,0,6.92E-05,0
362.5550578,159.5433807,0,0.213266149,0,0.203278005,0,0.020750729,0,6.55E-05,0
364.2416012,159.5433807,0,0.213264673,0,0.203281328,0,0.020753153,0,6.56E-05,0
365.9316006,159.5694122,0,0.213267922,0,0.203281298,0,0.020753518,0,6.20E-05,0
367.6165895,159.5590057,0,0.213249728,0,0.203274875,0,0.020754073,0,6.28E-05,0
369.3270237,159.5746307,0,0.213224411,0,0.203244134,0,0.020751342,0,-0.000119728,0
371.0280907,159.579834,0,0.213220342,0,0.203227028,0,0.020752562,0,-5.69E-05,0
372.7459652,159.579834,0,0.213213995,0,0.203222796,0,0.020752253,0,-6.01E-05,0
374.466192,159.5694122,0,0.213166654,0,0.20317544,0,0.020752251,0,6.41E-05,0
376.152745,159.564209,0,0.213170692,0,0.203183263,0,0.020750754,0,6.46E-05,0
377.8400445,159.564209,0,0.21314907,0,0.203189656,0,0.020754462,0,6.68E-05,0
379.5269046,159.5694122,0,0.213164448,0,0.203191131,0,0.020754512,0,6.60E-05,0
381.2133605,159.5537872,0,0.213159218,0,0.203172087,0,0.020753989,0,6.75E-05,0
382.9005811,159.5433807,0,0.213117256,0,0.203147456,0,0.02075395,0,6.62E-05,0
384.5875266,159.5381622,0,0.213110551,0,0.203142657,0,0.020753,0,-0.000117458,0
386.2807803,159.5277405,0,0.213091745,0,0.203128233,0,0.020753581,0,-6.22E-05,0
388.0078225,159.5016937,0,0.213069766,0,0.203091412,0,0.02075105,0,-3.82E-05,0
389.7315812,159.5016937,0,0.213035985,0,0.203064993,0,0.020749772,0,-5.62E-05,0
391.4737229,159.491272,0,0.213037803,0,0.203064814,0,0.020751437,0,6.46E-05,0
393.1597579,159.475647,0,0.2130346,0,0.203059554,0,0.02075145,0,6.68E-05,0
394.8460398,159.4652252,0,0.213037893,0,0.203052237,0,0.020750811,0,6.53E-05,0
396.5329723,159.4391632,0,0.213004708,0,0.203021988,0,0.020749833,0,6.88E-05,0
398.2185166,159.43396,0,0.213011369,0,0.203035011,0,0.020754397,0,6.35E-05,0
399.9041297,159.4131165,0,0.21297048,0,0.203005284,0,0.020750334,0,-0.000114328,0
401.601156,159.3974762,0,0.212981104,0,0.202997222,0,0.020752363,0,-5.10E-05,0
403.3231959,159.4026794,0,0.212980926,0,0.203004673,0,0.020752694,0,-5.65E-05,0
405.0536926,159.43396,0,0.212965086,0,0.202954322,0,0.020750575,0,6.49E-05,0
406.7399387,159.4548035,0,0.212941542,0,0.202982619,0,0.020751206,0,6.31E-05,0
408.4248352,159.4860687,0,0.212915897,0,0.202929288,0,0.020750001,0,6.66E-05,0
410.1108623,159.4964905,0,0.212911114,0,0.202951952,0,0.020753106,0,7.20E-05,0
411.7978446,159.5121155,0,0.21289274,0,0.202951446,0,0.020752767,0,6.43E-05,0
413.4851625,159.517334,0,0.212883576,0,0.202915132,0,0.020750148,0,6.72E-05,0
415.1710088,159.5225372,0,0.212865263,0,0.202907487,0,0.020750647,0,-0.000119284,0
416.8619525,159.5225372,0,0.21287176,0,0.202886149,0,0.020752897,0,6.65E-05,0
418.6094322,159.5277405,0,0.212857738,0,0.202877625,0,0.020752676,0,-0.000103218,0
420.299366,159.532959,0,0.21288672,0,0.20293954,0,0.020756654,0,-5.25E-05,0
422.0205157,159.5277405,0,0.212844088,0,0.20287308,0,0.020753361,0,-4.76E-05,0
423.7349617,159.5121155,0,0.212853893,0,0.202851399,0,0.020753719,0,6.50E-05,0
425.4221034,159.5069122,0,0.212799742,0,0.202818468,0,0.020751249,0,6.69E-05,0
427.1044614,159.5069122,0,0.212786868,0,0.202808797,0,0.020751908,0,6.80E-05,0
428.7919903,159.4000702,0,0.212788313,0,0.202796518,0,0.020751145,0,6.24E-05,0
430.4790299,159.491272,0,0.212770059,0,0.202786758,0,0.020752057,0,6.37E-05,0
432.1661322,159.4808502,0,0.212757796,0,0.202781274,0,0.020753052,0,6.90E-05,0
433.8678236,159.4704285,0,0.212772861,0,0.202783912,0,0.020752618,0,-0.000105332,0
435.5621493,159.4652252,0,0.21273826,0,0.202760666,0,0.020752134,0,-4.83E-05,0
437.2830396,159.4391632,0,0.212725028,0,0.202761217,0,0.020752721,0,-5.24E-05,0
439.0642955,159.3322906,0,0.212698772,0,0.202744305,0,0.0207507,0,-5.32E-05,0
440.7885773,159.4287415,0,0.212685361,0,0.202740818,0,0.0207517,0,6.16E-05,0
442.4751298,159.4235382,0,0.212703809,0,0.20275487,0,0.020752724,0,6.05E-05,0
444.1608193,159.4131165,0,0.212688252,0,0.202721714,0,0.020754136,0,6.00E-05,0
445.8471968,159.4078979,0,0.212673604,0,0.202714785,0,0.020754237,0,6.85E-05,0
447.5339775,159.3270874,0,0.212652876,0,0.202726572,0,0.020753764,0,7.66E-05,0
449.221122,159.4652252,0,0.212655588,0,0.202701076,0,0.020753298,0,6.07E-05,0
450.9082842,159.5225372,0,0.212647467,0,0.202689051,0,0.020752089,0,-0.000112343,0
452.6059477,159.5746307,0,0.212619379,0,0.202674716,0,0.020752087,0,-5.67E-05,0
454.3291383,159.535553,0,0.212573483,0,0.202667325,0,0.020751666,0,-5.26E-05,0
456.0469551,159.6579437,0,0.212598338,0,0.202672883,0,0.020753235,0,6.60E-05,0
457.7333949,159.6839752,0,0.212604343,0,0.202660873,0,0.02075348,0,6.96E-05,0
459.4182718,159.71521,0,0.212582826,0,0.202640533,0,0.020754701,0,6.09E-05,0
461.1053531,159.7358704,0,0.212532728,0,0.20263879,0,0.020753676,0,5.64E-05,0
462.7916718,159.7566833,0,0.212552338,0,0.202598392,0,0.0207527,0,6.21E-05,0
464.477875,159.6759949,0,0.212526887,0,0.202581837,0,0.02075104,0,6.04E-05,0
466.1717565,159.7931213,0,0.212524175,0,0.202560827,0,0.020748841,0,-0.000114055,0
467.8716302,159.7983246,0,0.212532356,0,0.202581778,0,0.020752795,0,-0.000104735,0
469.5935423,159.7020264,0,0.212499648,0,0.202560499,0,0.020751547,0,-0.000120105,0
471.3047478,159.8035278,0,0.212515875,0,0.202552661,0,0.020753594,0,-5.13E-05,0
473.0299497,159.7124329,0,0.212491989,0,0.202519863,0,0.020752337,0,-4.78E-05,0
474.7470264,159.7983246,0,0.212478712,0,0.202531665,0,0.020751096,0,6.46E-05,0
476.4324634,159.6864014,0,0.212466433,0,0.202524468,0,0.020751523,0,7.21E-05,0
478.1211271,159.6811981,0,0.212463513,0,0.202489763,0,0.020751297,0,6.72E-05,0
479.8174345,159.7618866,0,0.212430581,0,0.202489122,0,0.020751221,0,6.42E-05,0
481.501749,159.7514801,0,0.212444081,0,0.202491775,0,0.020751303,0,7.35E-05,0
483.1871026,159.6291351,0,0.212448731,0,0.202505946,0,0.020753002,0,6.22E-05,0
484.873415,159.6343384,0,0.212425425,0,0.202482059,0,0.020750795,0,-0.000117852,0
486.5716925,159.7100067,0,0.212405189,0,0.202466115,0,0.020751484,0,-4.99E-05,0
488.2951705,159.5772247,0,0.212393641,0,0.202444598,0,0.020751448,0,-5.52E-05,0
490.0193033,159.5615997,0,0.212390214,0,0.202431067,0,0.020749122,0,7.02E-05,0
491.7058778,159.5407562,0,0.212384939,0,0.202450633,0,0.020751731,0,6.25E-05,0
493.3911641,159.5147095,0,0.212343797,0,0.202422127,0,0.020750985,0,6.19E-05,0
495.0771708,159.4886627,0,0.212328672,0,0.202423527,0,0.020751145,0,6.60E-05,0
496.7650082,159.4730225,0,0.212340354,0,0.202442899,0,0.020752383,0,6.61E-05,0
498.4515615,159.4469757,0,0.212341889,0,0.202424585,0,0.020751355,0,6.37E-05,0
500.1380847,159.5277405,0,0.21231465,0,0.202406629,0,0.020753259,0,-0.000112623,0
501.8294148,159.5069122,0,0.21235004,0,0.20240657,0,0.02075292,0,-5.88E-05,0
503.5492127,159.3844299,0,0.212321221,0,0.202374443,0,0.020753665,0,-6.15E-05,0
505.2713549,159.3635712,0,0.21233654,0,0.20238462,0,0.020754237,0,6.49E-05,0
506.9573388,159.3375092,0,0.21229659,0,0.202371343,0,0.020753291,0,6.74E-05,0
508.6442192,159.3114319,0,0.212291374,0,0.202366858,0,0.020753618,0,5.98E-05,0
510.3312573,159.2957916,0,0.212277054,0,0.202358528,0,0.020754006,0,6.55E-05,0
512.0173149,159.2801514,0,0.212280437,0,0.202336683,0,0.020754183,0,5.81E-05,0
513.7035899,159.3609772,0,0.212289884,0,0.202348932,0,0.02075563,0,6.70E-05,0
515.3996475,159.2436371,0,0.212283506,0,0.202338188,0,0.020754242,0,-0.000105519,0
517.0906637,159.2227783,0,0.212228253,0,0.202337682,0,0.020755788,0,-0.000118171,0
518.8170788,159.2019043,0,0.212226524,0,0.20232065,0,0.02075398,0,-6.24E-05,0
520.5352061,159.186264,0,0.212199673,0,0.20225358,0,0.020751385,0,-5.83E-05,0
522.2521091,159.175827,0,0.212171792,0,0.202240526,0,0.020751992,0,6.66E-05,0
523.9391508,159.2672882,0,0.212219879,0,0.202270239,0,0.020755069,0,6.23E-05,0
525.6254961,159.1655426,0,0.212169915,0,0.202219307,0,0.020751737,0,6.41E-05,0
527.3122692,159.1655426,0,0.212226659,0,0.202278032,0,0.020756867,0,6.33E-05,0
528.9993443,159.1655426,0,0.212181538,0,0.202246367,0,0.0207546,0,6.45E-05,0
530.6864018,159.1655426,0,0.21218957,0,0.202282845,0,0.020756256,0,6.47E-05,0
532.3777525,159.1551208,0,0.212204575,0,0.202272564,0,0.020758862,0,-0.000107651,0
534.0693967,159.1655426,0,0.212169051,0,0.202270328,0,0.020759268,0,-6.83E-05,0
535.7906322,159.1655426,0,0.212158665,0,0.202247306,0,0.020757593,0,-6.17E-05,0
537.5133224,159.1551208,0,0.212154448,0,0.202234238,0,0.020755189,0,6.37E-05,0
539.1990061,159.1499023,0,0.212142676,0,0.202216282,0,0.020755734,0,6.45E-05,0
540.8843935,159.1446838,0,0.212158009,0,0.202221542,0,0.020756871,0,6.50E-05,0
542.5702662,159.1290283,0,0.21213223,0,0.202208474,0,0.020757448,0,6.18E-05,0
544.2564209,159.1238098,0,0.212129399,0,0.202212139,0,0.020757884,0,7.23E-05,0
545.9435136,159.097702,0,0.212080985,0,0.202168881,0,0.020756086,0,6.29E-05,0
547.6383128,159.087265,0,0.212072029,0,0.202155992,0,0.020752292,0,-0.000118945,0
549.3366904,159.076828,0,0.212089121,0,0.202166244,0,0.020757239,0,-6.61E-05,0
551.0580609,159.0611725,0,0.212062045,0,0.202167272,0,0.020756286,0,-5.26E-05,0
552.8011417,159.0507355,0,0.212061956,0,0.202140033,0,0.02075528,0,5.89E-05,0
554.4853356,159.0298462,0,0.212043687,0,0.202143833,0,0.020755831,0,6.16E-05,0
556.1711659,159.0194092,0,0.212036743,0,0.202157124,0,0.020757956,0,7.17E-05,0
557.8581619,159.0141754,0,0.212039455,0,0.202124431,0,0.020756446,0,6.57E-05,0
559.5469017,158.9933014,0,0.21204248,0,0.202128157,0,0.020757053,0,6.79E-05,0
561.2326577,158.9880676,0,0.212022989,0,0.202110782,0,0.020756181,0,7.15E-05,0
562.9286528,158.9724121,0,0.212005749,0,0.202111005,0,0.020754937,0,-0.000109331,0
564.6258185,158.9567413,0,0.212012261,0,0.20209597,0,0.020756107,0,-6.36E-05,0
566.3516722,158.9515228,0,0.212022021,0,0.202099099,0,0.020756623,0,-4.84E-05,0
568.0813401,158.9358521,0,0.212017774,0,0.202096968,0,0.020758323,0,-5.19E-05,0
569.8216794,158.9149475,0,0.211991131,0,0.202091619,0,0.020756414,0,6.20E-05,0
571.5087769,158.8992767,0,0.211993709,0,0.202093541,0,0.020759329,0,6.47E-05,0
573.1950078,158.8888397,0,0.211975231,0,0.202061936,0,0.020755891,0,6.68E-05,0
574.8811905,158.8627167,0,0.211968213,0,0.202069953,0,0.020756654,0,6.17E-05,0
576.5673866,158.8627167,0,0.211966916,0,0.202062457,0,0.020756504,0,6.32E-05,0
578.2560804,158.8418121,0,0.211961641,0,0.202055662,0,0.020756984,0,5.86E-05,0
579.9505699,158.8313599,0,0.211944043,0,0.2020455,0,0.020756613,0,-9.61E-05,0
581.6520629,158.8261414,0,0.211960539,0,0.202046155,0,0.020759396,0,-5.20E-05,0
583.3702168,158.8052368,0,0.211943551,0,0.202040582,0,0.020756733,0,-5.55E-05,0
585.0855694,158.7947845,0,0.211972415,0,0.202030524,0,0.020758564,0,6.58E-05,0
586.7719755,158.7843323,0,0.211959496,0,0.2020507,0,0.020759141,0,6.85E-05,0
588.4593332,158.77388,0,0.211947456,0,0.202028691,0,0.020758566,0,6.67E-05,0
590.1456285,158.77388,0,0.211885616,0,0.201988682,0,0.02075696,0,6.17E-05,0
591.831008,158.7529602,0,0.211912959,0,0.202007919,0,0.020757537,0,6.11E-05,0
593.5181921,158.7529602,0,0.211947575,0,0.202037975,0,0.020759458,0,6.27E-05,0
595.2102864,158.7216034,0,0.211911216,0,0.202029883,0,0.020758715,0,-0.000100992,0
596.9001667,158.7165375,0,0.211925372,0,0.201996415,0,0.020758417,0,-4.89E-05,0
598.6190524,158.7113037,0,0.211907297,0,0.201989606,0,0.020757774,0,-5.35E-05,0
600.3475022,158.7008514,0,0.21189332,0,0.201970681,0,0.02075707,0,6.52E-05,0
602.0331471,158.6851654,0,0.211858436,0,0.201980695,0,0.02075831,0,6.72E-05,0
603.7195618,158.6746979,0,0.211842224,0,0.201925441,0,0.020755103,0,7.25E-05,0
605.4060786,158.6642456,0,0.211828246,0,0.201929792,0,0.020755185,0,7.04E-05,0
607.0929327,158.6537933,0,0.211815938,0,0.201914981,0,0.020753609,0,6.20E-05,0
608.7800162,158.6433258,0,0.211848199,0,0.201930001,0,0.020755885,0,6.03E-05,0
610.471483,158.6171722,0,0.211811259,0,0.201916307,0,0.020755246,0,-0.000121576,0
612.1624675,158.60672,0,0.211832135,0,0.201918348,0,0.020756662,0,-4.72E-05,0
613.8863244,158.5962524,0,0.211824208,0,0.201902508,0,0.020756342,0,-5.17E-05,0
615.6105671,158.5805664,0,0.211792439,0,0.201888963,0,0.020756967,0,6.45E-05,0
617.2974524,158.5648651,0,0.211816459,0,0.201892063,0,0.02075577,0,6.53E-05,0
618.9846566,158.5439301,0,0.211771264,0,0.201869115,0,0.020754868,0,6.53E-05,0
620.6703346,158.5334778,0,0.211780339,0,0.201881095,0,0.020755792,0,6.73E-05,0
622.3575602,158.4209442,0,0.211811006,0,0.201905921,0,0.02075973,0,6.89E-05,0
624.0445395,158.4052429,0,0.211780101,0,0.201886564,0,0.020758284,0,6.51E-05,0
625.7300768,158.3947754,0,0.21178691,0,0.201890826,0,0.020758839,0,-0.000106717,0
627.4205921,158.4706726,0,0.211796149,0,0.201884925,0,0.020759581,0,-6.72E-05,0
629.1486211,158.4549713,0,0.211776241,0,0.201843932,0,0.020754712,0,-4.91E-05,0
630.8787825,158.43927,0,0.211748614,0,0.201854988,0,0.020757841,0,-6.61E-05,0
632.6168602,158.4288025,0,0.211770281,0,0.201901614,0,0.020757891,0,6.47E-05,0
634.3010788,158.3109894,0,0.211770474,0,0.201856046,0,0.020759087,0,6.56E-05,0
635.98721,158.3005066,0,0.211798742,0,0.201861113,0,0.020759569,0,6.87E-05,0
637.6735697,158.3816833,0,0.211780056,0,0.20184578,0,0.020758964,0,6.56E-05,0
639.3594031,158.3659668,0,0.211779087,0,0.201881781,0,0.020762971,0,6.75E-05,0
641.0454807,158.3502655,0,0.21176128,0,0.201839551,0,0.020759618,0,-0.000118927,0
642.745647,158.334549,0,0.211751401,0,0.201845362,0,0.020758238,0,-6.96E-05,0
644.462194,158.3240814,0,0.211737632,0,0.201841562,0,0.020758323,0,-5.33E-05,0
646.1852198,158.3135986,0,0.211727395,0,0.20182535,0,0.020756746,0,6.10E-05,0
647.8724043,158.2978973,0,0.211738586,0,0.201826617,0,0.020757364,0,6.96E-05,0
649.5588276,158.2874146,0,0.211723953,0,0.201816171,0,0.020757873,0,6.63E-05,0
651.24459,158.2821808,0,0.211710602,0,0.20181635,0,0.020756645,0,7.00E-05,0
652.9297917,158.1747742,0,0.211722508,0,0.201810434,0,0.0207569,0,7.01E-05,0
654.6284573,158.164444,0,0.211678385,0,0.201781928,0,0.020755231,0,6.19E-05,0
656.3133652,158.1539612,0,0.211657404,0,0.201774507,0,0.020754021,0,6.19E-05,0
658.0265019,158.2404327,0,0.211691424,0,0.201796039,0,0.020757442,0,-0.000103836,0
659.7273753,158.1382446,0,0.211673974,0,0.201787889,0,0.020756207,0,-5.31E-05,0
661.4443593,158.2194672,0,0.211694389,0,0.201806738,0,0.020758387,0,-5.31E-05,0
663.174895,158.2142334,0,0.211631566,0,0.201785668,0,0.020754352,0,-5.07E-05,0
664.9412572,158.1015472,0,0.211620613,0,0.201755791,0,0.020753391,0,-5.15E-05,0
666.6774874,158.0858154,0,0.211654394,0,0.20177187,0,0.020755466,0,6.32E-05,0
668.3629534,158.182785,0,0.211653232,0,0.201758563,0,0.020755811,0,6.82E-05,0
670.0493066,158.0700836,0,0.211636096,0,0.20175749,0,0.020754963,0,6.59E-05,0
671.7364593,158.0648499,0,0.211653009,0,0.201756447,0,0.020755602,0,6.75E-05,0
673.4223537,158.0596008,0,0.21163769,0,0.201747834,0,0.020755064,0,6.29E-05,0
675.1108952,158.0386353,0,0.211618989,0,0.201715305,0,0.020754788,0,-0.000119886,0
676.796819,158.0333862,0,0.211618617,0,0.201738774,0,0.020754585,0,-6.92E-05,0
678.5171132,158.0333862,0,0.211636319,0,0.201708823,0,0.020754635,0,-5.25E-05,0
680.2400327,158.0176544,0,0.211640715,0,0.201730668,0,0.020755822,0,6.57E-05,0
681.927043,158.0124054,0,0.211635708,0,0.20174551,0,0.020756027,0,6.63E-05,0
683.6190746,158.0019226,0,0.211664408,0,0.201769456,0,0.020757157,0,6.69E-05,0
685.3310373,157.9966736,0,0.21167165,0,0.201767265,0,0.02075942,0,6.36E-05,0
687.028352,157.9756927,0,0.21163325,0,0.201729655,0,0.020757116,0,7.18E-05,0
688.7139924,157.9704437,0,0.211670547,0,0.201787039,0,0.020760547,0,6.54E-05,0
690.4012227,157.9704437,0,0.211668819,0,0.201772302,0,0.020759325,0,6.25E-05,0
692.0890932,157.96521,0,0.211640641,0,0.201749444,0,0.020758111,0,-9.57E-05,0
693.7873962,157.9547119,0,0.211621254,0,0.201742336,0,0.020757373,0,-5.17E-05,0
695.5033472,157.9442139,0,0.211656168,0,0.201759085,0,0.020759411,0,-5.38E-05,0
697.2212381,157.9337311,0,0.211677238,0,0.201747655,0,0.020758333,0,6.66E-05,0
698.9074266,157.9284821,0,0.211614206,0,0.201729387,0,0.020757396,0,6.57E-05,0
700.5932322,157.917984,0,0.211631834,0,0.201731666,0,0.02075807,0,5.83E-05,0
702.2777417,158.0150299,0,0.211644679,0,0.201750576,0,0.02075848,0,5.66E-05,0
703.9633958,157.9022522,0,0.211642503,0,0.201758801,0,0.020760493,0,6.13E-05,0
705.6500523,157.8865051,0,0.21163696,0,0.201744899,0,0.02075729,0,6.28E-05,0
707.3423595,157.8865051,0,0.211650371,0,0.201741993,0,0.020758696,0,-0.000114856,0
709.0421236,157.8760071,0,0.211661994,0,0.201745346,0,0.020759596,0,-6.72E-05,0
710.7602324,157.8707581,0,0.211654439,0,0.201753124,0,0.020761013,0,-5.37E-05,0
712.4838932,157.865509,0,0.211642265,0,0.201757907,0,0.02075904,0,-5.31E-05,0
714.2369349,157.855011,0,0.211659893,0,0.20176506,0,0.020759949,0,6.76E-05,0
715.9229627,157.855011,0,0.211657568,0,0.201755061,0,0.020760069,0,7.05E-05,0
717.6090877,157.8392792,0,0.21166259,0,0.201767101,0,0.020758245,0,6.25E-05,0
719.294441,157.8287811,0,0.211646139,0,0.201773151,0,0.020759767,0,6.70E-05,0
720.9802442,157.8182831,0,0.211684167,0,0.201763167,0,0.020762216,0,6.63E-05,0
722.6660752,157.7972717,0,0.211682021,0,0.2017733,0,0.020760616,0,6.34E-05,0
724.3718688,157.7867737,0,0.211670473,0,0.201770931,0,0.020760085,0,-0.000102575,0
726.0610487,157.7762756,0,0.211694061,0,0.201771035,0,0.020760395,0,-6.63E-05,0
727.7879193,157.8576355,0,0.211685523,0,0.201781541,0,0.020761555,0,-3.73E-05,0
729.5157073,157.7395325,0,0.211683958,0,0.201756909,0,0.020760091,0,6.64E-05,0
731.201983,157.7185211,0,0.211671084,0,0.201756983,0,0.02075913,0,6.55E-05,0
732.888062,157.7132721,0,0.211650639,0,0.201753765,0,0.020757798,0,5.57E-05,0
734.5785785,157.6871796,0,0.211674585,0,0.201754644,0,0.020759584,0,6.14E-05,0
736.2661705,157.6871796,0,0.211680114,0,0.201765358,0,0.020758882,0,6.98E-05,0
737.9543176,157.6661682,0,0.211642816,0,0.201761424,0,0.020756278,0,5.99E-05,0
739.6406524,157.7528229,0,0.211668938,0,0.201742991,0,0.020757491,0,6.61E-05,0
741.3517425,157.6451569,0,0.211669489,0,0.201758518,0,0.02075712,0,-0.000119933,0
743.0493884,157.6293945,0,0.211649015,0,0.201761007,0,0.020756293,0,-7.21E-05,0
744.7710011,157.6083832,0,0.211655855,0,0.201759949,0,0.020757146,0,-0.000119761,0
746.5178559,157.6083832,0,0.211664363,0,0.20177339,0,0.020756591,0,-6.21E-05,0
748.2345154,157.6898041,0,0.211696043,0,0.201804384,0,0.02076075,0,-4.97E-05,0
749.9572179,157.5873566,0,0.211689963,0,0.201802715,0,0.020759502,0,6.40E-05,0
751.6446333,157.5715942,0,0.211686581,0,0.201775074,0,0.02075812,0,7.31E-05,0
753.3304627,157.6635437,0,0.21169877,0,0.201782092,0,0.02075791,0,6.22E-05,0
755.0163808,157.5558319,0,0.211696341,0,0.201786309,0,0.020757837,0,6.19E-05,0
756.7032738,157.5558319,0,0.211688056,0,0.201787114,0,0.020758124,0,6.21E-05,0
758.3891835,157.5453186,0,0.211669877,0,0.201779052,0,0.020756762,0,6.88E-05,0
760.0819302,157.5453186,0,0.211686313,0,0.201805949,0,0.020758769,0,-0.000116056,0
761.7799911,157.5243073,0,0.211715862,0,0.201813176,0,0.020758528,0,-5.25E-05,0
763.5029552,157.5243073,0,0.211696863,0,0.201822578,0,0.020758953,0,-4.72E-05,0
765.2193506,157.5243073,0,0.211707726,0,0.201810196,0,0.020758146,0,6.55E-05,0
766.90838,157.6162567,0,0.211746364,0,0.201834514,0,0.020761162,0,7.02E-05,0
768.5940421,157.5137939,0,0.211756393,0,0.201829239,0,0.020760918,0,6.47E-05,0
770.2799945,157.4980164,0,0.211760342,0,0.201847359,0,0.020761829,0,6.34E-05,0
771.9665012,157.482254,0,0.211739212,0,0.201838731,0,0.020760477,0,6.85E-05,0
773.6522849,157.5689697,0,0.211740016,0,0.201832771,0,0.020759804,0,6.13E-05,0
775.350081,157.5532074,0,0.211754977,0,0.201844274,0,0.020760385,0,-0.000120637,0
777.0429962,157.4506989,0,0.211774185,0,0.201847389,0,0.020758606,0,-5.59E-05,0
778.7661719,157.4401855,0,0.211751103,0,0.201857432,0,0.020759167,0,-5.21E-05,0
780.4833655,157.4296722,0,0.211759954,0,0.201851144,0,0.020759061,0,6.50E-05,0
782.1719174,157.5164185,0,0.211795359,0,0.20185101,0,0.020760911,0,6.92E-05,0
783.8578825,157.5059052,0,0.211741387,0,0.201838999,0,0.02075881,0,6.28E-05,0
785.5447261,157.392868,0,0.211799159,0,0.201901316,0,0.020762512,0,7.03E-05,0
787.2311208,157.4033813,0,0.211774811,0,0.201873734,0,0.020759629,0,6.19E-05,0
788.9168015,157.3876038,0,0.211783677,0,0.201893836,0,0.020758936,0,6.95E-05,0
790.6070278,157.3718262,0,0.211816266,0,0.2018909,0,0.020761218,0,-0.000123053,0
792.3015776,157.3665619,0,0.211818367,0,0.201920256,0,0.020761969,0,-7.06E-05,0
794.0293429,157.4638519,0,0.21180661,0,0.201914072,0,0.020761017,0,-6.67E-05,0
795.7482977,157.3507843,0,0.21183218,0,0.201921716,0,0.020761413,0,6.37E-05,0
797.4348872,157.4428101,0,0.211815804,0,0.201910078,0,0.020758839,0,6.73E-05,0
799.1219316,157.4322968,0,0.211809456,0,0.201906308,0,0.020758754,0,7.26E-05,0
800.8077385,157.4322968,0,0.211826667,0,0.201912283,0,0.02075829,0,6.58E-05,0
802.4933512,157.3244781,0,0.211823418,0,0.201919704,0,0.020759562,0,5.92E-05,0
804.1791534,157.3139648,0,0.211853027,0,0.201938673,0,0.02076119,0,7.10E-05,0
805.8747044,157.4060059,0,0.21183224,0,0.201928123,0,0.020758858,0,-0.000120644,0
807.5756161,157.3902283,0,0.211834967,0,0.20192334,0,0.020759163,0,-6.39E-05,0
809.2954633,157.3692017,0,0.211830735,0,0.201928958,0,0.020758895,0,-5.99E-05,0
811.0117617,157.3639374,0,0.211865931,0,0.201968133,0,0.020758901,0,-5.50E-05,0
812.7491231,157.3483276,0,0.21184735,0,0.201941907,0,0.020758754,0,6.48E-05,0
814.4354403,157.3325348,0,0.211845725,0,0.201928555,0,0.020758379,0,6.75E-05,0
816.1217322,157.3167572,0,0.211864635,0,0.201932206,0,0.020757526,0,6.67E-05,0
817.8075848,157.2957153,0,0.2118337,0,0.201935082,0,0.020754896,0,5.85E-05,0
819.4937789,157.290451,0,0.211849272,0,0.201951399,0,0.02075628,0,6.85E-05,0
821.1791141,157.2694092,0,0.211867511,0,0.201964884,0,0.02075821,0,6.64E-05,0
822.8829052,157.1667786,0,0.211843922,0,0.201953098,0,0.020756723,0,-0.00011786,0
824.5711563,157.2325745,0,0.211891219,0,0.201986134,0,0.020758342,0,-5.69E-05,0
826.297173,157.2273102,0,0.211851254,0,0.201959714,0,0.020755865,0,-4.78E-05,0
828.0134811,157.2273102,0,0.211897969,0,0.201973244,0,0.020757234,0,6.24E-05,0
829.699825,157.1141205,0,0.211882293,0,0.201950162,0,0.020757554,0,6.21E-05,0
831.3892958,157.2115173,0,0.211897358,0,0.201974362,0,0.020757264,0,6.24E-05,0
833.0754099,157.1851959,0,0.211926519,0,0.20199497,0,0.020757796,0,6.16E-05,0
834.7634013,157.1799316,0,0.211933553,0,0.201990947,0,0.020758651,0,6.55E-05,0
836.4495203,157.1694031,0,0.211943879,0,0.202009484,0,0.020756939,0,6.49E-05,0
838.1358464,157.1641388,0,0.211925357,0,0.202016979,0,0.020757353,0,-0.000118388,0
839.8365047,157.1588745,0,0.211941406,0,0.202010497,0,0.02075734,0,-6.27E-05,0
841.554776,157.1483459,0,0.211937934,0,0.202010601,0,0.020757398,0,-6.04E-05,0
843.2736888,157.1483459,0,0.211922317,0,0.202046498,0,0.020756667,0,-5.59E-05,0
845.0073669,157.1325531,0,0.211938157,0,0.202006667,0,0.020755783,0,5.66E-05,0
846.6933012,157.1272888,0,0.211996436,0,0.202051758,0,0.020758655,0,6.35E-05,0
848.3787591,157.1220245,0,0.211984649,0,0.202032014,0,0.020758059,0,6.35E-05,0
850.0639412,157.111496,0,0.212011769,0,0.20209755,0,0.020759812,0,6.50E-05,0
851.7512629,157.1062317,0,0.212008848,0,0.202088937,0,0.020760197,0,5.68E-05,0
853.4390309,157.1009674,0,0.212008565,0,0.202066823,0,0.020757057,0,-0.000103956,0
855.1336074,157.0956879,0,0.212024077,0,0.202120378,0,0.020759925,0,-4.73E-05,0
856.8521104,157.079895,0,0.212027177,0,0.202134504,0,0.020758878,0,-5.28E-05,0
858.577709,157.079895,0,0.212043747,0,0.202123343,0,0.020759206,0,6.75E-05,0
860.2636335,157.0693665,0,0.212037608,0,0.202112421,0,0.02075693,0,7.11E-05,0
861.9774251,157.079895,0,0.212071001,0,0.202124431,0,0.020757565,0,6.40E-05,0
863.6633775,157.0641022,0,0.212058901,0,0.20214422,0,0.020756861,0,6.34E-05,0
865.3482819,157.0641022,0,0.212071105,0,0.202156558,0,0.020757321,0,6.51E-05,0
867.0388634,157.0535583,0,0.212084844,0,0.202175125,0,0.020758294,0,6.30E-05,0
868.7256281,157.0482941,0,0.212073728,0,0.202162697,0,0.020757006,0,6.18E-05,0
870.4209404,157.0430298,0,0.212080866,0,0.202143728,0,0.020755649,0,5.95E-05,0
872.1375916,157.0325012,0,0.212076932,0,0.202169179,0,0.020757578,0,-0.000114392,0
873.8318439,157.0219574,0,0.212103664,0,0.202191337,0,0.020758927,0,-6.03E-05,0
875.5567205,157.0272217,0,0.212120458,0,0.202187955,0,0.020758048,0,-5.90E-05,0
877.2699442,157.0114288,0,0.212141066,0,0.202206864,0,0.020758169,0,-5.68E-05,0
879.0074027,157.0114288,0,0.212126329,0,0.202188923,0,0.020756053,0,6.51E-05,0
880.6930106,157.000885,0,0.212129294,0,0.202225416,0,0.020760043,0,5.54E-05,0
882.3804975,156.9798126,0,0.212177336,0,0.202246785,0,0.020759629,0,7.08E-05,0
884.067796,156.9798126,0,0.212165832,0,0.202216699,0,0.020758551,0,6.71E-05,0
885.7542207,156.9745483,0,0.212169826,0,0.202260524,0,0.02075981,0,6.49E-05,0
887.4423845,156.9587402,0,0.212164521,0,0.202261701,0,0.020758493,0,-0.000120131,0
889.1340241,156.9640045,0,0.212196975,0,0.202258557,0,0.020757688,0,-6.25E-05,0
890.8487921,156.9640045,0,0.212178856,0,0.20224674,0,0.020756401,0,-5.76E-05,0
892.5653903,156.9534607,0,0.212210059,0,0.202269852,0,0.020759026,0,6.50E-05,0
894.2557888,156.9376526,0,0.212232336,0,0.202316358,0,0.020758035,0,6.25E-05,0
895.9413605,156.927124,0,0.212206587,0,0.202311053,0,0.020757817,0,6.75E-05,0
897.6277087,156.9165802,0,0.21221669,0,0.202309206,0,0.02075717,0,6.22E-05,0
899.313412,156.9165802,0,0.212250709,0,0.202310577,0,0.020758666,0,6.48E-05,0
901.0017955,156.9007721,0,0.21224837,0,0.202310428,0,0.020758208,0,6.09E-05,0
902.702822,156.8851166,0,0.212292537,0,0.202363416,0,0.020759333,0,-0.000101565,0
904.3978155,156.8745728,0,0.212280467,0,0.20233801,0,0.02076056,0,-4.82E-05,0
906.116329,156.8587646,0,0.212268471,0,0.202348887,0,0.020758787,0,-5.39E-05,0
907.832324,156.8429565,0,0.212269574,0,0.202334895,0,0.020756792,0,-7.56E-05,0
909.5695364,156.8429565,0,0.212270289,0,0.202334553,0,0.020755734,0,6.80E-05,0
911.2561977,156.8165894,0,0.212292179,0,0.202357977,0,0.020757554,0,6.47E-05,0
912.9438357,156.8165894,0,0.212319076,0,0.202395826,0,0.020759542,0,5.94E-05,0
914.6296463,156.800766,0,0.212305188,0,0.202377274,0,0.02075644,0,6.64E-05,0
916.3147058,156.7955017,0,0.212312728,0,0.202353522,0,0.020754814,0,6.55E-05,0
918.0012531,156.7902222,0,0.212344482,0,0.202416166,0,0.020759074,0,-9.99E-05,0
919.6928706,156.7796783,0,0.212354332,0,0.202418178,0,0.02075889,0,-6.88E-05,0
921.4198351,156.7743988,0,0.212363943,0,0.20245108,0,0.020760564,0,-4.76E-05,0
923.1471429,156.7691345,0,0.21237652,0,0.202453747,0,0.020760132,0,7.04E-05,0
924.833169,156.7533112,0,0.212391331,0,0.202462479,0,0.020760393,0,6.50E-05,0
926.5190222,156.7427521,0,0.212376639,0,0.202421993,0,0.02075607,0,6.64E-05,0
928.207444,156.7427521,0,0.212377771,0,0.2024578,0,0.020756761,0,6.57E-05,0
929.8933923,156.7322083,0,0.212415471,0,0.202472209,0,0.020758195,0,6.75E-05,0
931.6201668,156.7163849,0,0.212450742,0,0.20248416,0,0.020758826,0,6.26E-05,0
933.3068435,156.7111053,0,0.212444081,0,0.202500715,0,0.020759389,0,6.58E-05,0
934.9929411,156.7058411,0,0.212431028,0,0.202485904,0,0.020755855,0,-0.000115026,0
936.6801269,156.7005615,0,0.212487563,0,0.202512651,0,0.020760868,0,-6.59E-05,0
938.3999326,156.695282,0,0.212475806,0,0.202523216,0,0.020758536,0,-6.26E-05,0
940.1152811,156.6847382,0,0.212448671,0,0.202500596,0,0.02075702,0,6.87E-05,0
941.8024089,156.6741791,0,0.212463229,0,0.202535122,0,0.020757396,0,6.39E-05,0
943.488302,156.6847382,0,0.212487101,0,0.202560737,0,0.020758584,0,5.51E-05,0
945.1736147,156.6688995,0,0.212500646,0,0.202559754,0,0.020758608,0,6.21E-05,0
946.8592908,156.6583557,0,0.212515756,0,0.202575623,0,0.020758821,0,6.29E-05,0
948.5451705,156.6530762,0,0.212543666,0,0.20258899,0,0.020761063,0,6.29E-05,0
950.2390223,156.6477966,0,0.212537765,0,0.202591359,0,0.020760247,0,-0.000122665,0
951.938031,156.6477966,0,0.212543293,0,0.202585011,0,0.020758092,0,-6.43E-05,0
953.6594892,156.6319733,0,0.212583407,0,0.20259042,0,0.020759758,0,-6.73E-05,0
955.3757915,156.6161346,0,0.212595537,0,0.202614948,0,0.020760294,0,6.92E-05,0
957.0662777,156.6055908,0,0.2126019,0,0.202621668,0,0.020759577,0,6.14E-05,0
958.7534039,156.6055908,0,0.212629273,0,0.202658191,0,0.020759931,0,6.56E-05,0
960.4459698,156.5950317,0,0.212624058,0,0.202659696,0,0.020760788,0,6.38E-05,0
962.1314769,156.5739136,0,0.212645456,0,0.202710196,0,0.020761903,0,6.23E-05,0
963.8172848,156.568634,0,0.212659224,0,0.202683791,0,0.020760339,0,6.79E-05,0
965.5041497,156.558075,0,0.212668031,0,0.202720686,0,0.020762498,0,-0.000101033,0
967.1976488,156.5528107,0,0.212700143,0,0.202716439,0,0.020761324,0,-6.57E-05,0
968.9142327,156.5422516,0,0.212679654,0,0.202728047,0,0.020761009,0,-6.50E-05,0
970.6380451,156.526413,0,0.212668061,0,0.202726244,0,0.020760799,0,6.86E-05,0
972.3233178,156.6135101,0,0.212665736,0,0.202713996,0,0.020757325,0,6.27E-05,0
974.0082417,156.5158539,0,0.212670937,0,0.202739492,0,0.020758808,0,6.52E-05,0
975.6946139,156.6135101,0,0.212715014,0,0.20274274,0,0.020759143,0,6.39E-05,0
977.3797426,156.602951,0,0.21274127,0,0.202780768,0,0.020762125,0,6.23E-05,0
979.0658498,156.5976868,0,0.212743148,0,0.202777758,0,0.020758554,0,6.31E-05,0
980.7638259,156.4894562,0,0.21273449,0,0.202781021,0,0.020760387,0,7.01E-05,0
982.4802225,156.5818481,0,0.212755262,0,0.202792212,0,0.020760948,0,-0.000124748,0
984.1808822,156.4841614,0,0.212752163,0,0.202793866,0,0.020759756,0,-6.72E-05,0
985.9019241,156.4683228,0,0.212800174,0,0.20280911,0,0.020762336,0,-6.76E-05,0
987.6164222,156.5554504,0,0.21278575,0,0.202828645,0,0.020760305,0,6.45E-05,0
989.300046,156.5554504,0,0.21278797,0,0.20284298,0,0.020761808,0,5.95E-05,0
990.9895697,156.5343323,0,0.212781786,0,0.202824205,0,0.020760274,0,6.46E-05,0
992.6923645,156.5292206,0,0.21280615,0,0.202843561,0,0.020759903,0,7.50E-05,0
994.3769922,156.5186615,0,0.212831214,0,0.202854409,0,0.020760579,0,7.38E-05,0
996.0628386,156.513382,0,0.212821692,0,0.202875792,0,0.020759501,0,7.03E-05,0
997.7491093,156.5028229,0,0.212824568,0,0.202851369,0,0.02076049,0,7.03E-05,0
999.4637153,156.399826,0,0.212870374,0,0.202913105,0,0.020761212,0,-0.000113285,0
1001.163693,156.4922638,0,0.212876409,0,0.20288816,0,0.020759288,0,-7.35E-05,0
1002.883625,156.4922638,0,0.212882459,0,0.202906429,0,0.020760667,0,-6.47E-05,0
1004.600159,156.4869843,0,0.212908148,0,0.202940627,0,0.020762466,0,6.47E-05,0
1006.282501,156.4764252,0,0.212916791,0,0.20292811,0,0.020760424,0,7.32E-05,0
1007.966969,156.4711456,0,0.212924972,0,0.202953085,0,0.020761468,0,6.20E-05,0
1009.652807,156.4658661,0,0.212913155,0,0.202951818,0,0.020761371,0,5.73E-05,0
1011.338166,156.455307,0,0.21295689,0,0.202976763,0,0.020762293,0,6.23E-05,0
1013.020579,156.455307,0,0.212969765,0,0.202996373,0,0.020762423,0,6.37E-05,0
1014.732884,156.4500275,0,0.212951913,0,0.202984035,0,0.020759057,0,-0.000102947,0
1016.422471,156.4447327,0,0.212972223,0,0.20302248,0,0.020760482,0,-4.42E-05,0
1018.142282,156.4394531,0,0.213009446,0,0.203010797,0,0.020760005,0,-5.33E-05,0
1019.857184,156.4236145,0,0.212994784,0,0.20302248,0,0.020759458,0,6.43E-05,0
1021.541342,156.428894,0,0.21299532,0,0.203022539,0,0.020759741,0,6.36E-05,0
1023.228021,156.4236145,0,0.213012084,0,0.203046083,0,0.02075954,0,6.68E-05,0
1024.913969,156.4130554,0,0.213019818,0,0.203038737,0,0.020760316,0,7.09E-05,0
1026.599367,156.3972015,0,0.213053598,0,0.203068256,0,0.020760771,0,6.30E-05,0
1028.289029,156.3813477,0,0.213038966,0,0.203057795,0,0.020759368,0,-0.000117403,0
1029.982247,156.391922,0,0.213038921,0,0.203055351,0,0.020758849,0,-5.76E-05,0
1031.705023,156.3760681,0,0.213064864,0,0.203092098,0,0.020759962,0,-4.96E-05,0
1033.431989,156.3707886,0,0.213065579,0,0.203087761,0,0.020758515,0,6.58E-05,0
1035.121831,156.3549347,0,0.213060393,0,0.203099355,0,0.020757942,0,6.53E-05,0
1036.809234,156.3496552,0,0.213101997,0,0.20312795,0,0.020759063,0,6.74E-05,0
1038.495343,156.3338013,0,0.213115066,0,0.203110292,0,0.020758584,0,6.22E-05,0
1040.180806,156.3232269,0,0.213162377,0,0.203156501,0,0.020761013,0,6.58E-05,0
1041.865855,156.3126678,0,0.213140159,0,0.203139394,0,0.020759113,0,7.05E-05,0
1043.558613,156.296814,0,0.213149607,0,0.203157514,0,0.020759057,0,-0.00010224,0
1045.248353,156.296814,0,0.213174268,0,0.203190609,0,0.020760749,0,-4.83E-05,0
1046.968098,156.2862396,0,0.213184222,0,0.203209027,0,0.020761434,0,-5.19E-05,0
1048.682525,156.2703857,0,0.213195905,0,0.203203737,0,0.020762892,0,6.56E-05,0
1050.370241,156.2545319,0,0.213204875,0,0.203228145,0,0.020761767,0,7.36E-05,0
1052.055425,156.2439575,0,0.213187798,0,0.203216731,0,0.020758683,0,6.47E-05,0
1053.743439,156.238678,0,0.213219061,0,0.20323418,0,0.020761602,0,6.46E-05,0
1055.43092,156.2281036,0,0.213196948,0,0.203239083,0,0.020759288,0,6.37E-05,0
1057.117733,156.206955,0,0.213235571,0,0.203226163,0,0.020761382,0,6.47E-05,0
1058.82084,156.206955,0,0.21324414,0,0.203270509,0,0.020760823,0,-9.90E-05,0
1060.514676,156.2016602,0,0.213266149,0,0.203253328,0,0.020759866,0,-5.01E-05,0
1062.230518,156.2016602,0,0.213277682,0,0.203286468,0,0.020760491,0,-5.11E-05,0
1063.944768,156.1858063,0,0.213258877,0,0.203284233,0,0.020758832,0,6.30E-05,0
1065.632,156.1752319,0,0.213305369,0,0.203303635,0,0.020761257,0,6.30E-05,0
1067.319304,156.1646576,0,0.213307484,0,0.203333839,0,0.020761231,0,6.17E-05,0
1069.005545,156.154068,0,0.213313758,0,0.203319087,0,0.020759299,0,6.64E-05,0
1070.691482,156.1487885,0,0.213354453,0,0.203339532,0,0.020760981,0,6.52E-05,0
1072.37818,156.1434937,0,0.213300958,0,0.203312292,0,0.020758107,0,-9.83E-05,0
1074.072993,156.1434937,0,0.213307306,0,0.203313305,0,0.020757923,0,-4.66E-05,0
1075.791348,156.1434937,0,0.213334828,0,0.203354686,0,0.020759316,0,-4.97E-05,0
1077.506499,156.1699371,0,0.213351294,0,0.203354105,0,0.020757737,0,6.77E-05,0
1079.19481,156.1910858,0,0.213360145,0,0.203362628,0,0.020758379,0,6.51E-05,0
1080.903954,156.206955,0,0.213393762,0,0.203394606,0,0.020759366,0,6.11E-05,0
1082.588527,156.238678,0,0.213374286,0,0.203411102,0,0.020759078,0,6.11E-05,0
1084.274871,156.2651062,0,0.213392093,0,0.203418999,0,0.020759376,0,6.46E-05,0
1085.960705,156.296814,0,0.213384777,0,0.20341432,0,0.020758823,0,5.84E-05,0
1087.650678,156.3232269,0,0.213420674,0,0.203470736,0,0.020761687,0,-0.000119602,0
1089.346471,156.3390808,0,0.21342808,0,0.203436732,0,0.020759352,0,-5.87E-05,0
1091.0649,156.3707886,0,0.213444352,0,0.203452676,0,0.020760361,0,-6.25E-05,0
1092.780985,156.3972015,0,0.213442012,0,0.203460916,0,0.020759247,0,6.54E-05,0
1094.467079,156.4130554,0,0.213489189,0,0.203490853,0,0.020761209,0,6.70E-05,0
1096.154813,156.428894,0,0.213508367,0,0.203511998,0,0.020761443,0,6.20E-05,0
1097.843057,156.428894,0,0.213513359,0,0.203495949,0,0.02075997,0,6.26E-05,0
1099.52945,156.4447327,0,0.213477939,0,0.203504562,0,0.02075878,0,6.42E-05,0
1101.214971,156.4341736,0,0.213530942,0,0.203515872,0,0.020760097,0,6.15E-05,0
1102.915721,156.4500275,0,0.213534131,0,0.20353201,0,0.020760307,0,-0.000127039,0
1104.605435,156.4236145,0,0.213562235,0,0.203567713,0,0.020761728,0,-5.27E-05,0
1106.334417,156.418335,0,0.213530614,0,0.203544571,0,0.020758662,0,-4.59E-05,0
1108.049215,156.4341736,0,0.213544428,0,0.20356962,0,0.020758692,0,6.23E-05,0
1109.735581,156.4658661,0,0.213576868,0,0.203572958,0,0.020761153,0,6.32E-05,0
1111.421718,156.4817047,0,0.213587939,0,0.203598603,0,0.02076127,0,5.95E-05,0
1113.107327,156.523941,0,0.213614627,0,0.203624427,0,0.020762606,0,6.34E-05,0
1114.792961,156.5554504,0,0.21362932,0,0.203625753,0,0.020762293,0,6.30E-05,0
1116.481837,156.6135101,0,0.213628605,0,0.203603923,0,0.020761358,0,6.05E-05,0
1118.182625,156.6610107,0,0.213618621,0,0.203613266,0,0.020760356,0,6.54E-05,0
1119.903772,156.697937,0,0.213643386,0,0.203633263,0,0.020760544,0,-0.000100894,0
1121.592308,156.7137604,0,0.213643386,0,0.203646525,0,0.020760151,0,-5.28E-05,0
1123.313725,156.7454071,0,0.213662832,0,0.203668713,0,0.020761261,0,-5.22E-05,0
1125.027747,156.7612305,0,0.213672876,0,0.203682631,0,0.020760907,0,7.07E-05,0
1126.713676,156.7506866,0,0.21368891,0,0.203688487,0,0.020761255,0,7.13E-05,0
1128.401156,156.7559509,0,0.213722184,0,0.203698992,0,0.02076116,0,6.80E-05,0
1130.0835,156.7612305,0,0.213743701,0,0.203712195,0,0.020761866,0,6.52E-05,0
1131.77068,156.7823181,0,0.213741317,0,0.203731894,0,0.020760994,0,6.06E-05,0
1133.456799,156.8350525,0,0.213759779,0,0.20372346,0,0.02076132,0,-0.000101617,0
1135.15484,156.9035797,0,0.213744059,0,0.2037151,0,0.020760527,0,6.14E-05,0
1136.897823,156.9826202,0,0.21376191,0,0.203744694,0,0.02075964,0,-9.89E-05,0
1138.588524,157.0825348,0,0.213771864,0,0.203770369,0,0.02076038,0,-6.80E-05,0
1140.317482,157.1351929,0,0.21379736,0,0.203761711,0,0.020760695,0,-4.17E-05,0
1142.042927,157.1878357,0,0.213805824,0,0.203792408,0,0.020762313,0,6.51E-05,0
1143.731688,157.2194214,0,0.213816896,0,0.203790813,0,0.020761371,0,6.28E-05,0
1145.420612,157.22995,0,0.213795781,0,0.203774824,0,0.020759072,0,6.32E-05,0
1147.106537,157.22995,0,0.213797062,0,0.203797698,0,0.020760298,0,6.15E-05,0
1148.793772,157.22995,0,0.21384038,0,0.203799143,0,0.020759488,0,6.72E-05,0
1150.481223,157.2246857,0,0.213854968,0,0.203789025,0,0.020758545,0,5.96E-05,0
1152.1686,157.2141571,0,0.213851958,0,0.203817188,0,0.020758964,0,6.43E-05,0
1153.879624,157.1983643,0,0.213857173,0,0.203830137,0,0.020758973,0,-0.000121022,0
1155.579862,157.2141571,0,0.213849663,0,0.203826323,0,0.020757936,0,-5.28E-05,0
1157.305034,157.22995,0,0.2138765,0,0.203850701,0,0.020758918,0,-4.80E-05,0
1159.032692,157.2930908,0,0.213874682,0,0.203866377,0,0.020759145,0,-5.03E-05,0
1160.77192,157.3825226,0,0.2138893,0,0.203874066,0,0.020758988,0,6.56E-05,0
1162.457978,157.4927673,0,0.213916346,0,0.203898057,0,0.020761212,0,6.66E-05,0
1164.14512,157.5873718,0,0.213917613,0,0.20388095,0,0.020759434,0,6.95E-05,0
1165.837922,157.6504211,0,0.213945209,0,0.203876882,0,0.020760037,0,6.76E-05,0
1167.523952,157.6766815,0,0.213968172,0,0.203926935,0,0.020759527,0,6.56E-05,0
1169.210605,157.6766815,0,0.213956609,0,0.203919678,0,0.020758821,0,5.77E-05,0
1170.897502,157.6556702,0,0.21397455,0,0.203942626,0,0.020760838,0,6.48E-05,0
1172.607961,157.6451721,0,0.214003309,0,0.203947231,0,0.020760207,0,-0.000104828,0
1174.299081,157.6188965,0,0.213994354,0,0.203971624,0,0.020759877,0,-6.42E-05,0
1176.026769,157.5926208,0,0.21399106,0,0.203975379,0,0.02076086,0,-5.31E-05,0
1177.757867,157.5716095,0,0.214026078,0,0.2039994,0,0.020760968,0,-4.53E-05,0
1179.499713,157.5400848,0,0.214026078,0,0.203999981,0,0.020761466,0,6.45E-05,0
1181.185761,157.5137939,0,0.214052662,0,0.204026624,0,0.020761319,0,6.54E-05,0
1182.872765,157.482254,0,0.214033946,0,0.204010114,0,0.020760285,0,6.09E-05,0
1184.561069,157.4559784,0,0.214085012,0,0.204055845,0,0.020763634,0,6.76E-05,0
1186.248295,157.4351044,0,0.214050337,0,0.204054296,0,0.020761125,0,7.07E-05,0
1187.934856,157.3772583,0,0.214090034,0,0.204069301,0,0.020761341,0,6.78E-05,0
1189.634792,157.3457031,0,0.214102312,0,0.204082921,0,0.020761792,0,6.68E-05,0
1191.342471,157.3088837,0,0.214090302,0,0.204063057,0,0.02076176,0,-0.000122868,0
1193.036808,157.2773132,0,0.214107006,0,0.204102471,0,0.020762077,0,-5.19E-05,0
1194.760529,157.2457428,0,0.21409969,0,0.204096764,0,0.020761475,0,-4.97E-05,0
1196.475463,157.2088928,0,0.214129179,0,0.204091265,0,0.020761305,0,5.96E-05,0
1198.160993,157.1720581,0,0.214120402,0,0.204086139,0,0.020760905,0,6.73E-05,0
1199.844336,157.1404572,0,0.21413733,0,0.204059943,0,0.020759637,0,6.41E-05,0
1201.53123,157.0930786,0,0.214150473,0,0.204084515,0,0.02076238,0,6.73E-05,0
1203.2199,157.0562134,0,0.214130446,0,0.204075142,0,0.020760564,0,6.48E-05,0
1204.905434,157.0140686,0,0.214107722,0,0.204061657,0,0.020760361,0,6.08E-05,0
1206.610137,156.9826202,0,0.214124128,0,0.204082742,0,0.020759832,0,-0.000105788,0
1208.304358,156.9562836,0,0.214147374,0,0.204100355,0,0.020761399,0,-5.39E-05,0
1210.024638,156.908844,0,0.214139938,0,0.204098939,0,0.020761011,0,-5.32E-05,0
1211.740748,156.9905548,0,0.214151039,0,0.204124554,0,0.020762781,0,6.58E-05,0
1213.426857,156.8719482,0,0.214154094,0,0.204063728,0,0.020758865,0,6.97E-05,0
1215.11251,156.840332,0,0.214125648,0,0.204072967,0,0.020758258,0,6.07E-05,0
1216.799423,156.8139648,0,0.214121267,0,0.204106479,0,0.020759929,0,6.67E-05,0
1218.484148,156.7770538,0,0.214114397,0,0.204081252,0,0.020760616,0,6.80E-05,0
1220.171146,156.7506866,0,0.214149996,0,0.204083845,0,0.020760369,0,6.57E-05,0
1221.875206,156.7348633,0,0.214129507,0,0.204077035,0,0.020760709,0,-9.90E-05,0
1223.56669,156.8113556,0,0.214142709,0,0.204085171,0,0.020760214,0,-5.48E-05,0
1225.287251,156.697937,0,0.214116826,0,0.204108893,0,0.020762119,0,-3.51E-05,0
1227.017965,156.6821136,0,0.214120954,0,0.204076915,0,0.020760233,0,6.21E-05,0
1228.703461,156.7586212,0,0.214119374,0,0.204075142,0,0.020759612,0,6.48E-05,0
1230.389724,156.6398926,0,0.214112862,0,0.20408228,0,0.020760309,0,6.39E-05,0
1232.076096,156.6240692,0,0.214097693,0,0.204061374,0,0.020759409,0,6.40E-05,0
1233.763127,156.6135101,0,0.214101552,0,0.204042255,0,0.020759135,0,6.23E-05,0
1235.45067,156.5976868,0,0.214079424,0,0.204051703,0,0.020759758,0,6.55E-05,0
1237.141098,156.5712891,0,0.214089602,0,0.204053446,0,0.020759076,0,6.24E-05,0
1238.856694,156.5660095,0,0.214087694,0,0.204048395,0,0.020759974,0,-0.000102323,0
1240.546337,156.6372833,0,0.214035764,0,0.204008534,0,0.020757055,0,-5.91E-05,0
1242.274571,156.5396118,0,0.214044958,0,0.204000696,0,0.020758258,0,-3.64E-05,0
1244.002106,156.5186615,0,0.214093908,0,0.204035535,0,0.020761585,0,-5.18E-05,0
1245.746006,156.6057892,0,0.21406193,0,0.204012721,0,0.020758612,0,5.99E-05,0
1247.432185,156.4869843,0,0.214053481,0,0.203997433,0,0.020761717,0,6.50E-05,0
1249.132426,156.4869843,0,0.214044094,0,0.204010978,0,0.020759657,0,6.21E-05,0
1250.818481,156.4658661,0,0.214076623,0,0.204024821,0,0.02076214,0,6.20E-05,0
1252.504844,156.4500275,0,0.214022517,0,0.204000204,0,0.020759502,0,5.97E-05,0
1254.190583,156.4341736,0,0.214030653,0,0.204002305,0,0.020760689,0,6.83E-05,0
1255.875422,156.5213318,0,0.214036867,0,0.204008519,0,0.020762205,0,-0.000123435,0
1257.569767,156.418335,0,0.214014127,0,0.203950852,0,0.020759897,0,-6.36E-05,0
1259.284574,156.5054932,0,0.214036956,0,0.203991219,0,0.020762198,0,-4.81E-05,0
1261.00941,156.3972015,0,0.213976204,0,0.203958183,0,0.020759784,0,6.61E-05,0
1262.695575,156.3760681,0,0.213975921,0,0.20394057,0,0.02075867,0,5.92E-05,0
1264.381024,156.3707886,0,0.213956445,0,0.203958019,0,0.020761328,0,6.98E-05,0
1266.066905,156.3602142,0,0.213966861,0,0.203966483,0,0.020760996,0,6.28E-05,0
1267.752395,156.4526825,0,0.213952943,0,0.203953444,0,0.020761296,0,7.14E-05,0
1269.438159,156.4262848,0,0.213955953,0,0.203913614,0,0.020760475,0,5.84E-05,0
1271.130801,156.3073883,0,0.213929772,0,0.203910946,0,0.020759502,0,-0.000127951,0
1272.828131,156.3073883,0,0.213898435,0,0.203878834,0,0.020759664,0,-6.07E-05,0
1274.551277,156.296814,0,0.213907301,0,0.203895807,0,0.020760385,0,-4.74E-05,0
1276.275793,156.3734589,0,0.213905811,0,0.203883185,0,0.02076086,0,6.47E-05,0
1277.966557,156.2862396,0,0.213908314,0,0.20387046,0,0.020761313,0,6.19E-05,0
1279.651232,156.2703857,0,0.213858604,0,0.203868985,0,0.020758972,0,7.01E-05,0
1281.337346,156.2651062,0,0.21385397,0,0.203846514,0,0.020760557,0,6.54E-05,0
1283.022997,156.2651062,0,0.213845834,0,0.203860491,0,0.020760763,0,6.20E-05,0
1284.708083,156.2545319,0,0.213829934,0,0.203853428,0,0.020759674,0,6.50E-05,0
1286.396573,156.2545319,0,0.21382223,0,0.203828454,0,0.020759691,0,6.52E-05,0
1288.111158,156.2439575,0,0.213831827,0,0.203833699,0,0.020760957,0,-0.000118508,0
1289.809888,156.2439575,0,0.213801041,0,0.203804582,0,0.020760648,0,-6.60E-05,0
1291.525139,156.2333832,0,0.213783085,0,0.203751713,0,0.020758493,0,6.52E-05,0
1293.214623,156.2281036,0,0.21380788,0,0.20375587,0,0.020759478,0,6.74E-05,0
1294.901461,156.2122345,0,0.213787198,0,0.203789532,0,0.020760812,0,6.33E-05,0
1296.586672,156.2122345,0,0.213785484,0,0.20376043,0,0.020761626,0,6.07E-05,0
1298.274827,156.2122345,0,0.213770687,0,0.203745901,0,0.020761693,0,6.85E-05,0
1299.960414,156.206955,0,0.21376653,0,0.203794091,0,0.020762824,0,6.37E-05,0
1301.646687,156.2941895,0,0.213730916,0,0.203747451,0,0.020761311,0,-0.000134565,0
1303.335621,156.1910858,0,0.213716462,0,0.203721046,0,0.020759623,0,-5.35E-05,0
1305.063437,156.1858063,0,0.213711529,0,0.203723177,0,0.020759946,0,-4.93E-05,0
1306.780054,156.1699371,0,0.213716119,0,0.203726127,0,0.020760927,0,6.18E-05,0
1308.46713,156.1646576,0,0.213722437,0,0.203725397,0,0.020761888,0,6.74E-05,0
1310.155846,156.1487885,0,0.213676333,0,0.20367375,0,0.020760691,0,6.85E-05,0
1311.842541,156.1487885,0,0.213707029,0,0.203694686,0,0.020761343,0,6.75E-05,0
1313.530169,156.1382141,0,0.213699907,0,0.203680247,0,0.020761726,0,6.76E-05,0
1315.215428,156.1276245,0,0.213688299,0,0.203675478,0,0.020761851,0,6.16E-05,0
1316.911857,156.1329193,0,0.213673055,0,0.203627586,0,0.020760896,0,-0.000104703,0
1318.606482,156.1117706,0,0.213639467,0,0.203627511,0,0.020761846,0,-0.000115455,0
1320.319753,156.1170502,0,0.213657468,0,0.203645601,0,0.020761337,0,-5.15E-05,0
1322.046295,156.0906067,0,0.213676169,0,0.203627839,0,0.020761671,0,-3.94E-05,0
1323.77562,156.0747375,0,0.213627159,0,0.203618124,0,0.020761386,0,6.10E-05,0
1325.461458,156.0747375,0,0.213618323,0,0.203588381,0,0.020760747,0,7.10E-05,0
1327.147684,156.0696106,0,0.213619276,0,0.203601717,0,0.020762894,0,6.74E-05,0
1328.832899,156.0747375,0,0.213618993,0,0.203588262,0,0.020763004,0,6.56E-05,0
1330.520211,156.0590363,0,0.213585942,0,0.203577831,0,0.020763028,0,6.42E-05,0
1332.206309,156.0484467,0,0.213584348,0,0.203602731,0,0.020764163,0,6.18E-05,0
1333.892039,156.0484467,0,0.213586851,0,0.203599065,0,0.020763408,0,-9.77E-05,0
1335.581445,156.0272827,0,0.213548928,0,0.203549295,0,0.02076079,0,-6.81E-05,0
1337.304554,156.0325775,0,0.213545247,0,0.203564181,0,0.020761888,0,6.83E-05,0
1338.993433,156.0272827,0,0.213543996,0,0.203530415,0,0.020760981,0,5.53E-05,0
1340.680537,156.0167084,0,0.213523462,0,0.203507781,0,0.020759793,0,6.18E-05,0
1342.367154,156.0167084,0,0.213535726,0,0.203538969,0,0.020762181,0,6.92E-05,0
1344.053611,156.0219879,0,0.213493138,0,0.203523427,0,0.020762306,0,6.59E-05,0
1345.741177,156.0167084,0,0.21351625,0,0.20349881,0,0.020760948,0,6.34E-05,0
1347.432503,156.0167084,0,0.213517963,0,0.203525319,0,0.020762801,0,6.19E-05,0
1349.139645,156.0219879,0,0.213495045,0,0.203489974,0,0.020763846,0,-0.000105564,0
1350.841753,156.0061188,0,0.213508963,0,0.203509658,0,0.020763587,0,-5.18E-05,0
1352.56134,156.0114136,0,0.213490158,0,0.203483924,0,0.020763412,0,-4.61E-05,0
1354.276331,156.0114136,0,0.213502183,0,0.203509047,0,0.020765536,0,6.81E-05,0
1355.963251,156.000824,0,0.213486656,0,0.203477695,0,0.020764183,0,6.84E-05,0
1357.650003,156.000824,0,0.213469341,0,0.203460365,0,0.020762835,0,6.83E-05,0
1359.335733,156.000824,0,0.21346338,0,0.203477486,0,0.020763703,0,6.92E-05,0
1361.02149,156.000824,0,0.213454574,0,0.203461408,0,0.020764459,0,6.67E-05,0
1362.712682,155.97966,0,0.213484004,0,0.203431114,0,0.020763021,0,6.62E-05,0
1364.413414,155.9690704,0,0.213424637,0,0.203425318,0,0.020761823,0,-0.00011256,0
1366.099951,155.9743652,0,0.213401123,0,0.203407526,0,0.020761073,0,-6.52E-05,0
1367.827869,155.9637756,0,0.213399514,0,0.203427255,0,0.020762518,0,-4.33E-05,0
1369.557392,155.9532013,0,0.21340759,0,0.203436896,0,0.020764202,0,6.74E-05,0
1371.243606,155.9479065,0,0.213400304,0,0.203428193,0,0.020763649,0,6.39E-05,0
1372.957289,155.9320221,0,0.21340993,0,0.203427255,0,0.020764658,0,6.29E-05,0
1374.649882,155.9214325,0,0.213368639,0,0.203416243,0,0.020762334,0,7.02E-05,0
1376.336024,155.9214325,0,0.213389024,0,0.203411638,0,0.020763254,0,6.04E-05,0
1378.021138,155.9161377,0,0.213377788,0,0.203396886,0,0.020764712,0,6.46E-05,0
1379.70716,155.9055481,0,0.213316679,0,0.203358724,0,0.020761877,0,6.34E-05,0
1381.396409,155.8843689,0,0.213330745,0,0.203351229,0,0.020762082,0,-0.000133824,0
1383.085518,155.8790741,0,0.213371947,0,0.203365683,0,0.020763088,0,-5.30E-05,0
1384.815411,155.8684845,0,0.213354423,0,0.203374534,0,0.020762729,0,-4.47E-05,0
1386.546984,155.8578949,0,0.213349699,0,0.203348025,0,0.020763308,0,-5.65E-05,0
1388.281916,155.8473053,0,0.2133338,0,0.203341156,0,0.020763347,0,6.41E-05,0
1389.967147,155.8526001,0,0.213357731,0,0.203355088,0,0.020764699,0,6.23E-05,0
1391.653229,155.8473053,0,0.213325604,0,0.203329965,0,0.020762065,0,6.25E-05,0
1393.337836,155.8420105,0,0.213354855,0,0.2033443,0,0.020765316,0,6.74E-05,0
1395.022875,155.8367157,0,0.213316604,0,0.203326448,0,0.020764485,0,6.08E-05,0
1396.708814,155.8261261,0,0.213337481,0,0.203339338,0,0.020764209,0,-0.000118987,0
1398.398766,155.8261261,0,0.213311344,0,0.203292682,0,0.020761495,0,-4.97E-05,0
1400.121967,155.8102417,0,0.213291823,0,0.203306391,0,0.020762494,0,-4.71E-05,0
1401.838598,155.8155365,0,0.213284209,0,0.20328927,0,0.020761477,0,6.77E-05,0
1403.524667,155.7996521,0,0.21326676,0,0.203269243,0,0.020761561,0,5.98E-05,0
1405.212221,155.794342,0,0.213270589,0,0.203264996,0,0.020762114,0,6.43E-05,0
1406.898507,155.7890472,0,0.213269025,0,0.203286737,0,0.020761423,0,6.71E-05,0
1408.585063,155.7890472,0,0.213244616,0,0.203264623,0,0.020760398,0,6.28E-05,0
1410.271818,155.7837524,0,0.213278874,0,0.20327863,0,0.020763386,0,6.21E-05,0
1411.972995,155.7784576,0,0.213233977,0,0.203270792,0,0.020760532,0,-9.77E-05,0
1413.664305,155.7731628,0,0.213271498,0,0.203264117,0,0.020762606,0,-5.52E-05,0
1415.381776,155.7784576,0,0.213278129,0,0.203274443,0,0.020763444,0,6.75E-05,0
1417.067431,155.7625732,0,0.213276743,0,0.203270182,0,0.020764193,0,6.40E-05,0
1418.754672,155.7572632,0,0.213230222,0,0.203236714,0,0.020761654,0,5.99E-05,0
1420.443828,155.7572632,0,0.213238716,0,0.203248158,0,0.020763608,0,7.17E-05,0
1422.130714,155.7572632,0,0.213237524,0,0.203263536,0,0.020762935,0,6.30E-05,0
1423.820993,155.7466736,0,0.213206723,0,0.203238308,0,0.020760978,0,5.84E-05,0
1425.508594,155.7413788,0,0.213236808,0,0.203257128,0,0.02076195,0,6.26E-05,0
1427.218331,155.7413788,0,0.213230371,0,0.203247502,0,0.020762008,0,-0.000121393,0
1428.917099,155.736084,0,0.213216677,0,0.20324175,0,0.020763265,0,-6.34E-05,0
1430.637481,155.7307739,0,0.213252648,0,0.203247115,0,0.020765232,0,-6.76E-05,0
1432.352737,155.7307739,0,0.213228777,0,0.203233435,0,0.020763185,0,5.89E-05,0
1434.038884,155.7148895,0,0.213187783,0,0.20320551,0,0.02076068,0,6.06E-05,0
1435.725825,155.7201843,0,0.213226139,0,0.203246206,0,0.020762989,0,6.79E-05,0
1437.417933,155.7095795,0,0.213208928,0,0.203228011,0,0.020762881,0,6.37E-05,0
1439.105017,155.6989899,0,0.213207393,0,0.203210353,0,0.020760633,0,6.43E-05,0
1440.791255,155.688385,0,0.213208734,0,0.203219383,0,0.020762675,0,5.86E-05,0
1442.480122,155.6830902,0,0.213193416,0,0.203202351,0,0.020760395,0,-0.000128059,0
1444.176386,155.6724854,0,0.213181808,0,0.203206703,0,0.020760285,0,-7.15E-05,0
1445.89403,155.6724854,0,0.213175147,0,0.203209027,0,0.02076011,0,-6.05E-05,0
1447.615727,155.6671906,0,0.213187009,0,0.203218191,0,0.020760641,0,5.55E-05,0
1449.300885,155.6565857,0,0.213175386,0,0.203207135,0,0.020760605,0,6.80E-05,0
1450.987489,155.640686,0,0.213163733,0,0.203203529,0,0.020760819,0,6.28E-05,0
1452.673252,155.6353912,0,0.213186219,0,0.203218489,0,0.020762742,0,6.79E-05,0
1454.358934,155.6300812,0,0.213199704,0,0.203226745,0,0.020763166,0,6.39E-05,0
1456.044796,155.6247864,0,0.213164553,0,0.203226596,0,0.020762337,0,5.93E-05,0
1457.742073,155.6141815,0,0.21317774,0,0.203216835,0,0.020762362,0,-0.00012229,0
1459.442448,155.6090546,0,0.213167592,0,0.203227043,0,0.020762675,0,-6.60E-05,0
1461.163359,155.6037445,0,0.21318148,0,0.203218773,0,0.020763071,0,-6.71E-05,0
1462.879388,155.5984497,0,0.213229656,0,0.20325002,0,0.020765115,0,6.43E-05,0
1464.563242,155.5931396,0,0.213216081,0,0.203224554,0,0.020764733,0,6.33E-05,0
1466.250496,155.5931396,0,0.213227376,0,0.203261896,0,0.020765202,0,6.93E-05,0
1467.937429,155.5825348,0,0.213235393,0,0.203248217,0,0.020765537,0,7.00E-05,0
1469.624234,155.57724,0,0.21318148,0,0.203190088,0,0.02076116,0,6.43E-05,0
1471.310846,155.5719452,0,0.213191032,0,0.203201338,0,0.020762764,0,6.46E-05,0
1473.008485,155.5613403,0,0.213189542,0,0.203212901,0,0.020762242,0,-0.00011583,0
1474.707658,155.5666351,0,0.213165551,0,0.203193411,0,0.020759787,0,-6.67E-05,0
1476.429104,155.5719452,0,0.21317023,0,0.20319049,0,0.020760717,0,-4.35E-05,0
1478.159591,155.5454254,0,0.213192015,0,0.203195035,0,0.020761613,0,-4.97E-05,0
1479.897903,155.5401154,0,0.213212922,0,0.203220888,0,0.020763753,0,6.12E-05,0
1481.586215,155.5295105,0,0.213203161,0,0.20321688,0,0.020763474,0,7.11E-05,0
1483.273372,155.5136108,0,0.213195413,0,0.203206703,0,0.020762894,0,6.28E-05,0
1484.959665,155.5136108,0,0.213178589,0,0.203223079,0,0.020762602,0,6.32E-05,0
1486.644646,155.503006,0,0.21320936,0,0.203239798,0,0.020762652,0,6.76E-05,0
1488.331163,155.4870911,0,0.213207691,0,0.203229844,0,0.020762973,0,-9.77E-05,0
1490.025586,155.4870911,0,0.213203102,0,0.20321244,0,0.020761114,0,-6.14E-05,0
